trip_id,arrival_time,departure_time,stop_id,stop_sequence
1_00_02,00:02:00,00:02:00,3757,0
1_00_02,00:02:37,00:02:37,3758,1
1_00_02,00:03:45,00:03:45,408,2
1_00_02,00:06:31,00:06:31,409,3
1_00_02,00:08:45,00:08:45,410,4
1_00_02,00:10:33,00:10:33,411,5
1_00_02,00:11:52,00:11:52,412,6
1_00_02,00:14:26,00:14:26,413,7
1_00_02,00:15:32,00:15:32,414,8
1_00_02,00:17:30,00:17:30,1235,9
1_00_02,00:20:37,00:20:37,1236,10
1_00_02,00:24:23,00:24:23,1237,11
1_00_02,00:26:04,00:26:04,1238,12
1_00_02,00:27:27,00:27:27,1239,13
1_00_02,00:30:04,00:30:04,1240,14
1_00_02,00:32:32,00:32:32,1241,15
1_00_02,00:34:50,00:34:50,2798,16
1_21_02,21:02:00,21:02:00,3757,0
1_21_02,21:02:37,21:02:37,3758,1
1_21_02,21:03:45,21:03:45,408,2
1_21_02,21:06:31,21:06:31,409,3
1_21_02,21:08:45,21:08:45,410,4
1_21_02,21:10:33,21:10:33,411,5
1_21_02,21:11:52,21:11:52,412,6
1_21_02,21:14:26,21:14:26,413,7
1_21_02,21:15:32,21:15:32,414,8
1_21_02,21:17:30,21:17:30,1235,9
1_21_02,21:20:37,21:20:37,1236,10
1_21_02,21:24:23,21:24:23,1237,11
1_21_02,21:26:04,21:26:04,1238,12
1_21_02,21:27:27,21:27:27,1239,13
1_21_02,21:30:04,21:30:04,1240,14
1_21_02,21:32:32,21:32:32,1241,15
1_21_02,21:34:50,21:34:50,2798,16
1_21_40,21:40:00,21:40:00,3757,0
1_21_40,21:40:37,21:40:37,3758,1
1_21_40,21:41:45,21:41:45,408,2
1_21_40,21:44:31,21:44:31,409,3
1_21_40,21:46:45,21:46:45,410,4
1_21_40,21:48:33,21:48:33,411,5
1_21_40,21:49:52,21:49:52,412,6
1_21_40,21:52:26,21:52:26,413,7
1_21_40,21:53:32,21:53:32,414,8
1_21_40,21:55:30,21:55:30,1235,9
1_21_40,21:58:37,21:58:37,1236,10
1_21_40,22:02:23,22:02:23,1237,11
1_21_40,22:04:04,22:04:04,1238,12
1_21_40,22:05:27,22:05:27,1239,13
1_21_40,22:08:04,22:08:04,1240,14
1_21_40,22:10:32,22:10:32,1241,15
1_21_40,22:12:50,22:12:50,2798,16
1_22_04,22:04:00,22:04:00,3757,0
1_22_04,22:04:37,22:04:37,3758,1
1_22_04,22:05:45,22:05:45,408,2
1_22_04,22:08:31,22:08:31,409,3
1_22_04,22:10:45,22:10:45,410,4
1_22_04,22:12:33,22:12:33,411,5
1_22_04,22:13:52,22:13:52,412,6
1_22_04,22:16:26,22:16:26,413,7
1_22_04,22:17:32,22:17:32,414,8
1_22_04,22:19:30,22:19:30,1235,9
1_22_04,22:22:37,22:22:37,1236,10
1_22_04,22:26:23,22:26:23,1237,11
1_22_04,22:28:04,22:28:04,1238,12
1_22_04,22:29:27,22:29:27,1239,13
1_22_04,22:32:04,22:32:04,1240,14
1_22_04,22:34:32,22:34:32,1241,15
1_22_04,22:36:50,22:36:50,2798,16
1_22_28,22:28:00,22:28:00,3757,0
1_22_28,22:28:37,22:28:37,3758,1
1_22_28,22:29:45,22:29:45,408,2
1_22_28,22:32:31,22:32:31,409,3
1_22_28,22:34:45,22:34:45,410,4
1_22_28,22:36:33,22:36:33,411,5
1_22_28,22:37:52,22:37:52,412,6
1_22_28,22:40:26,22:40:26,413,7
1_22_28,22:41:32,22:41:32,414,8
1_22_28,22:43:30,22:43:30,1235,9
1_22_28,22:46:37,22:46:37,1236,10
1_22_28,22:50:23,22:50:23,1237,11
1_22_28,22:52:04,22:52:04,1238,12
1_22_28,22:53:27,22:53:27,1239,13
1_22_28,22:56:04,22:56:04,1240,14
1_22_28,22:58:32,22:58:32,1241,15
1_22_28,23:00:50,23:00:50,2798,16
1_22_52,22:52:00,22:52:00,3757,0
1_22_52,22:52:37,22:52:37,3758,1
1_22_52,22:53:45,22:53:45,408,2
1_22_52,22:56:31,22:56:31,409,3
1_22_52,22:58:45,22:58:45,410,4
1_22_52,23:00:33,23:00:33,411,5
1_22_52,23:01:52,23:01:52,412,6
1_22_52,23:04:26,23:04:26,413,7
1_22_52,23:05:32,23:05:32,414,8
1_22_52,23:07:30,23:07:30,1235,9
1_22_52,23:10:37,23:10:37,1236,10
1_22_52,23:14:23,23:14:23,1237,11
1_22_52,23:16:04,23:16:04,1238,12
1_22_52,23:17:27,23:17:27,1239,13
1_22_52,23:20:04,23:20:04,1240,14
1_22_52,23:22:32,23:22:32,1241,15
1_22_52,23:24:50,23:24:50,2798,16
1_23_16,23:16:00,23:16:00,3757,0
1_23_16,23:16:37,23:16:37,3758,1
1_23_16,23:17:45,23:17:45,408,2
1_23_16,23:20:31,23:20:31,409,3
1_23_16,23:22:45,23:22:45,410,4
1_23_16,23:24:33,23:24:33,411,5
1_23_16,23:25:52,23:25:52,412,6
1_23_16,23:28:26,23:28:26,413,7
1_23_16,23:29:32,23:29:32,414,8
1_23_16,23:31:30,23:31:30,1235,9
1_23_16,23:34:37,23:34:37,1236,10
1_23_16,23:38:23,23:38:23,1237,11
1_23_16,23:40:04,23:40:04,1238,12
1_23_16,23:41:27,23:41:27,1239,13
1_23_16,23:44:04,23:44:04,1240,14
1_23_16,23:46:32,23:46:32,1241,15
1_23_16,23:48:50,23:48:50,2798,16
1_23_38,23:38:00,23:38:00,3757,0
1_23_38,23:38:37,23:38:37,3758,1
1_23_38,23:39:45,23:39:45,408,2
1_23_38,23:42:31,23:42:31,409,3
1_23_38,23:44:45,23:44:45,410,4
1_23_38,23:46:33,23:46:33,411,5
1_23_38,23:47:52,23:47:52,412,6
1_23_38,23:50:26,23:50:26,413,7
1_23_38,23:51:32,23:51:32,414,8
1_23_38,23:53:30,23:53:30,1235,9
1_23_38,23:56:37,23:56:37,1236,10
1_23_38,24:00:23,24:00:23,1237,11
1_23_38,24:02:04,24:02:04,1238,12
1_23_38,24:03:27,24:03:27,1239,13
1_23_38,24:06:04,24:06:04,1240,14
1_23_38,24:08:32,24:08:32,1241,15
1_23_38,24:10:50,24:10:50,2798,16
